﻿<?xml version="1.0" encoding="UTF-8"?>
<places>
    <place>
        <name>Grand Canyon National Park</name>
        <description>The Grand Canyon is a steep-sided canyon carved by the Colorado River in Arizona, United States.</description>
        <price_level>high</price_level>
        <landmark_number>123456789</landmark_number>
        <city>1</city>
        <country>United States</country>
    </place>
    <place>
        <name>Eiffel Tower</name>
        <description>The Eiffel Tower is a wrought-iron lattice tower on the Champ de Mars in Paris, France.</description>
        <price_level>medium</price_level>
        <landmark_number>987654321</landmark_number>
        <city>2</city>
        <country>France</country>
    </place>
    <place>
        <name>Machu Picchu</name>
        <description>Machu Picchu is an Incan citadel set high in the Andes Mountains in Peru.</description>
        <price_level>high</price_level>
        <landmark_number>456789123</landmark_number>
        <city>3</city>
        <country>Peru</country>
    </place>
    <place>
        <name>Great Barrier Reef</name>
        <description>The Great Barrier Reef is the world's largest coral reef system composed of over 2,900 individual reefs and 900 islands.</description>
        <price_level>medium</price_level>
        <landmark_number>654321789</landmark_number>
        <city>1</city>
        <country>Australia</country>
    </place>
    <place>
        <name>Taj Mahal</name>
        <description>The Taj Mahal is an ivory-white marble mausoleum on the south bank of the Yamuna river in the Indian city of Agra.</description>
        <price_level>high</price_level>
        <landmark_number>321987654</landmark_number>
        <city>2</city>
        <country>India</country>
    </place>
    <place>
        <name>Pyramids of Giza</name>
        <description>The Pyramids of Giza are ancient Egyptian monuments located in the outskirts of Cairo.</description>
        <price_level>medium</price_level>
        <landmark_number>789123456</landmark_number>
        <city>3</city>
        <country>Egypt</country>
    </place>
    <place>
        <name>Sydney Opera House</name>
        <description>The Sydney Opera House is a multi-venue performing arts centre in Sydney, Australia.</description>
        <price_level>medium</price_level>
        <landmark_number>456123789</landmark_number>
        <city>1</city>
        <country>Australia</country>
    </place>
    <place>
        <name>Statue of Liberty</name>
        <description>The Statue of Liberty is a colossal neoclassical sculpture on Liberty Island in New York Harbor within New York City.</description>
        <price_level>medium</price_level>
        <landmark_number>789654321</landmark_number>
        <city>2</city>
        <country>United States</country>
    </place>
    <place>
        <name>Santorini</name>
        <description>Santorini is an island in the southern Aegean Sea, about 200 km southeast of Greece's mainland.</description>
        <price_level>medium</price_level>
        <landmark_number>987654123</landmark_number>
        <city>3</city>
        <country>Greece</country>
    </place>
    <place>
        <name>Angkor Wat</name>
        <description>Angkor Wat is a temple complex in Cambodia and the largest religious monument in the world.</description>
        <price_level>low</price_level>
        <landmark_number>147258369</landmark_number>
        <city>1</city>
        <country>Cambodia</country>
    </place>
</places>